PhylogenyName,Subgenus,Section,Resupination,Inflorescence,,heightlow,heightup,bladel,bladew,bladeA,InflorL,BractN,samplesize,ref,NOTE
H_abaloi_Kress_903125,Griggsia,Obscurae,1,1,4,4,5,1.7,0.4,0.534070751,1,20,NA,KBE04,
H_arrecta_Kress_903157,Griggsia,Dromedarius,1,1,4,2,3,1.2,0.2,0.188495559,0.41,18,NA,KBRE93,
H_badilloi_Kress_892927,Griggsia,Sigmoideae,1,1,4,2.5,3.5,2,0.25,0.392699082,0.33,15,,KBE04,
H_caquetensis_Kress_903113,Griggsia,Sigmoideae,1,1,4,2,2.5,1.2,0.3,0.282743339,0.52,12,,KBE04,
H_chartacea_Kress_965689,Griggsia,Pendulae,1,1,4,4,5,1.6,0.3,0.376991118,0.85,15,16,A85B,
H_colgantea_Lyon_L750314_AF,Griggsia,Sigmoideae,1,1,4,2,2,1.3,0.25,0.255254403,0.45,20,14,K84,Lower height not mentioned
H_collinsiana_Grantham_012490,Griggsia,Pendulae,1,1,4,,4,1.5,0.43,0.506581815,0.72,14,100,K84,Lower height not mentioned
H_collinsiana_var_velutina_Lyon_L910113,Griggsia,Pendulae,1,1,4,,6,2.5,0.7,1.374446786,0.72,18,11,K84,
H_combinata_Betancur_5953_AF,Griggsia,Obscurae,1,1,4,4,7,2.3,0.48,0.867079572,1.5,45,,KBE04,
H_curtispatha_Kress_892812,Griggsia,Longae,1,1,4,6,7,2.3,0.55,0.993528677,1.6,40,100,K84,More than 100
H_curtispatha_Kress_903078,Griggsia,Arcuatae,1,1,4,4,6,2.2,0.6,1.036725576,0.9,30,2,A85B&K84,Under K84 as H. sessilis
H_danielsiana_Kress_108734A,Griggsia,Barbatae,1,1,4,4.5,8,2.8,0.57,1.253495469,1,30,14,K84,
H_dielsiana_Kress_892895,Griggsia,Sigmoideae,1,1,4,3,4,2,0.4,0.628318531,0.8,25,19,A85B,
H_donstonea_Kress_892931,Griggsia,Retiformes,1,1,4,1.5,1.5,0.65,0.21,0.107206849,0.29,11,,KBRE93,
H_estiletioides_Kress_933588_AF,Griggsia,Obscurae,1,1,4,,3,2,0.45,0.706858347,1.6,30,,AM82,Height from MM
H_fernandezii_Kress_892559_AF,Griggsia,Pendulae,1,1,4,6,7,2.5,0.53,1.040652567,1.1,20,,KBE04,
H_fragilis_Kress_903080,Griggsia,Obscurae,1,1,4,,4,2,0.36,0.565486678,1,23,,KBE04,
H_fredberryana_Kress_892947,Griggsia,Obscurae,1,1,4,6,7,2.6,0.51,1.041437965,0.85,22,,K91,
H_gigantea_Kress_892621_AF,Griggsia,Griggsia,1,1,4,11,13,3,0.7,1.649336143,3,70,NA,KBRE93,
H_griggsiana_Kress_892938,Griggsia,Griggsia,1,1,4,4,9,3,0.55,1.29590697,1.4,30,16,A85B,
H_harlingii_Kress_892906,Griggsia,Longae,1,1,4,3,6,2.25,0.5,0.883572934,0.85,24,21,A85B,
H_holmquistiana_Kress_892586_AF,Griggsia,Retiformes,1,1,4,2.5,2.5,1.5,0.38,0.447676953,0.8,26,,KBE04,Lower height not given
H_huilensis_Kress_903107,Griggsia,Dromedarius,1,1,4,,4.5,2.8,0.45,0.989601686,1,25,,KBE04,
H_juruana_Kress_913308,Griggsia,Rostratae,1,1,4,1,3,0.55,0.15,0.064795348,0.46,30,5,A85B&KBE04,One of those species that shed bracts using estimates from KBE04 not A85B
H_lentiginosa_Kress_862030_AF,Griggsia,Sigmoideae,1,1,4,2,2.5,1.6,0.32,0.40212386,1.45,23,,KBE04,
H_longa_Kress_913381,Griggsia,Longae,1,1,4,3,6,2.7,0.55,1.166316273,1.6,40,19,A85B,
H_lozanoi_Kress_913373,Griggsia,Obscurae,1,1,4,,4,1.8,0.32,0.452389342,0.7,26,,KBE04&MM,blade width from MM as it is missing from KBE04
H_lutheri_Kress_892925_AF,Griggsia,Barbatae,1,1,4,4,4,1.4,0.4,0.439822972,0.75,29,,K91,No lower height given
H_maculata_Kress_821406,Griggsia,Sigmoideae,1,1,4,2,2.5,1.3,0.26,0.265464579,0.51,8,4,K84,
H_magnifica_Carli_142B,Griggsia,Barbatae,1,1,4,4,6,1.9,0.55,0.820741081,0.94,35,14,K84,
H_marginata_Kress_913314,Griggsia,Rostratae,1,1,4,1.5,5,1.5,0.25,0.294524311,0.4,20,6,A85B&KBE04,Flower estimates from KBE04
H_mariae_Kress_892843,Griggsia,Longae,1,1,4,4,7.5,2.5,0.65,1.276272016,0.65,65,100,K84,More than 100
H_mucilagina_Kress_892578_AF,Griggsia,Dromedarius,1,1,4,2.5,2.5,1.4,0.3,0.329867229,0.6,25,,KBE04,
H_mutisiana_Kress_903110,Griggsia,Obscurae,1,1,4,2.5,4,2.2,0.27,0.466526509,0.6,20,,KBE04,
H_narinensis_Kress_903095,Griggsia,Obscurae,1,1,4,4,6,2.7,0.41,0.869435767,0.65,22,,KBE04,
H_necrobracteata_Lyon_L720014,Griggsia,Sigmoideae,1,1,4,4,4.5,2.4,0.35,0.659734457,0.55,20,5,K84,
H_nigripraefixa_Kress_892907,Griggsia,Arcuatae,1,1,4,4,6,4,0.55,1.727875959,1.5,40,9,A85B,
H_nutans_Kress_944906_AF,Griggsia,Contortex,1,1,4,1,2.5,1.05,0.31,0.255647102,0.55,13,58,K84,
H_obscura_Kress_892908,Griggsia,Obscurae,1,1,4,2,4,1.6,0.36,0.452389342,0.5,13,3,A85B,
H_obscura_ssp_dichroma_Kress_892866,Griggsia,Obscurae,1,1,4,4,4.5,2.3,0.33,0.596117206,0.4,19,,K91,
H_obscuroides_Kress_903065,Griggsia,Obscurae,1,1,4,2.5,4,1.5,0.3,0.353429174,0.45,20,8,A85B,
H_oleosa_Kress_913379,Griggsia,Sigmoideae,1,1,4,2.5,3,2,0.25,0.392699082,0.51,15,,KBE04,
H_paludigena_Flynn_4110_AF,Griggsia,Griggsia,1,1,4,5,5,3.1,0.55,1.339103869,1.25,22,7,A85B,
H_pastazae_Kress_892896,Griggsia,Griggsia,1,1,4,4,5,2,0.45,0.706858347,1,30,11,A85B,
H_pastazae_Kress_903116,Griggsia,Griggsia,1,1,4,4,5,2,0.45,0.706858347,1,30,11,A85B,
H_pastazae_Kress_965731,Griggsia,Griggsia,1,1,4,4,5,2,0.45,0.706858347,1,30,11,A85B,
H_pendula_Kress_943663,Griggsia,Pendulae,1,1,4,1.5,4.25,1.3,0.35,0.357356164,0.65,15,,MM,There was one accession with length of 92cm but this seemed off.
H_peteriana_Kress_892886_AF,Griggsia,Barbatae,1,1,4,,3,1,0.31,0.243473431,0.52,11,,MM,
H_platystachys_Kress_118794,Griggsia,Pendulae,1,1,4,3,4,1.7,0.4,0.534070751,0.8,20,41,K84,
H_pogonantha_Kress_892834,Griggsia,Barbatae,1,1,4,4,7,3.3,0.62,1.606924642,1.5,55,22,K84,based on var. pogonantha
H_pogonantha_var_holerythra_Kress_108749,Griggsia,Barbatae,1,1,4,4,7.5,2.3,0.65,1.174170254,1.6,40,23,K84,
H_ramonensis_Specht_0808,Griggsia,Barbatae,1,1,4,4,6,2,0.6,0.942477796,0.9,40,13,K84,
H_regalis_Kress_892928,Griggsia,Barbatae,1,1,4,4,5,3,0.65,1.531526419,1,28,7,A85B,
H_reptans_Kress_913380,Griggsia,Sigmoideae,1,1,4,,3,1.7,0.35,0.467311907,1,45,,KBE04,
H_rhodantha_Kress_903164,Griggsia,Barbatae,1,1,4,4.5,6,2,0.52,0.81681409,1,33,,KBE04,
H_rigida_Kress_913384,Griggsia,Pendulae,1,1,4,4,6,2.2,0.57,0.984889297,1.7,86,,KBE04,
H_riopalenquensis_Kress_892904,Griggsia,Pendulae,1,1,4,3.5,5,2.5,0.3,0.589048623,0.7,30,6,A85B,
H_robertoi_Kress_892613_AF,Griggsia,Sigmoideae,1,1,4,,2,1,0.24,0.188495559,0.3,9,,KBE04,
H_robusta_Echeverry_121_AF,Griggsia,Obscurae,1,1,4,,3.5,1.425,0.29,0.324565791,0.4,13,,MM,
H_rostrata_Kress_892860,Griggsia,Rostratae,1,1,4,2,5,2,0.4,0.628318531,0.7,35,28,A85B,
H_sclerotricha_Kress_892915,Griggsia,Sigmoideae,1,1,4,2,3,1.6,0.3,0.376991118,0.55,19,5,A85B,
H_secunda_Kress_sn_AF,Griggsia,Contortex,1,1,4,2,3,1.2,0.4,0.376991118,0.5,12,20,K84,
H_signahispanica_Betancur_5960_AF,Griggsia,Sigmoideae,1,1,4,1.75,2.5,1,0.27,0.212057504,0.45,14,,KBE04,
H_spiralis_Kress_892631_AF,Griggsia,Dromedarius,1,1,4,2.2,3,1.15,0.19,0.171609499,0.8,20,,KBE04,
H_standleyi_Lyon_L800094_AF,Griggsia,Rostratae,1,1,4,3,6,2.5,0.45,0.883572934,1.5,55,2,A85B,
H_stellamaris_Kress_903127_AF,Griggsia,Retiformes,1,1,4,2,2.5,1.3,0.42,0.428827397,0.5,24,,KBE04,
H_stilesii_Kress_892721,Griggsia,Longae,1,1,4,5,6,2.3,0.55,0.993528677,1,35,21,K84,
H_talamancana_Daniels_sn_AF,Griggsia,Sigmoideae,1,1,4,4,4.5,2.5,0.35,0.687223393,0.65,13,4,K84,
H_terciopela_Kress_903133,Griggsia,Retiformes,1,1,4,3,4,1.2,0.36,0.339292007,0.65,22,,KBE04,
H_titanum_Kress_903168,Griggsia,Griggsia,1,1,4,8,10,3.2,0.72,1.809557368,1.35,30,,KBE04,
H_vellerigera_Kress_965678,Griggsia,Barbatae,1,1,4,4,10,3.4,0.6,1.602212253,2,40,12,A85B,
H_villosa_Kress_913207,Griggsia,Pendulae,1,1,4,,3.75,1.6,0.31,0.389557489,0.3,17,,MM,
H_xanthovillosa_Montgomery_sn,Griggsia,Barbatae,1,1,4,3.5,4.5,2.3,0.55,0.993528677,0.86,35,13,K84,
H_albicosta_Kress_108741A_AF,Heliconia,Tortex,1,0,3,,2,0.93,0.24,0.17530087,0.26,7,2,A92,No lower height
H_aurea_Kress_923560,Heliconia,Heliconia,1,0,3,3,4.5,2.7,0.42,0.890641517,0.6,10,,KBE04,Not recognized by A81
H_beckneri_Kress_923475,Heliconia,Tortex,1,0,3,3,4,1,0.2,0.157079633,0.37,11,1,S75b,
H_bihai_Kress_016845,Heliconia,Heliconia,1,0,3,2,5,1,0.45,0.353429174,0.65,12,220,A81,
H_bihai_Kress_913202,Heliconia,Heliconia,1,0,3,2,5,1,0.45,0.353429174,0.65,12,220,A81,
H_bourgaeana_Lyon_L750163,Heliconia,Heliconia,1,0,3,,4.5,2,0.4,0.628318531,0.5,12,43,A81,No lower height given
H_brenneri_Kress_892857,Heliconia,Complanatae,1,0,3,,5,1.2,0.34,0.320442451,0.45,13,1,AM83B,Height from MM
H_caribaea_Kress_016837,Heliconia,Heliconia,1,0,3,2.5,5,1.35,0.43,0.455923634,0.4,14,60,A81,
H_caribaea_Prinzie_102,Heliconia,Heliconia,1,0,3,2.5,5,1.35,0.43,0.455923634,0.4,14,60,A81,
H_clinophila_Kress_862016,Heliconia,Farinosae,1,0,3,1,3,1.06,0.26,0.216455734,0.2,7,12,A92,width guessed at
H_darienensis_Hammel_14873_AF,Heliconia,Farinosae,1,0,3,1,2,0.67,0.28,0.147340695,0.22,10,4,A92,
H_episcopalis_Kress_913309,Heliconia,Episcopales,1,0,3,1.5,4,2,0.4,0.628318531,1.3,45,82,A92&KBE04,
H_farinosa_Kress_923515,Heliconia,Farinosae,1,0,3,2,3,1,0.37,0.29059732,0.38,11,51,A92,
H_gracilis_Kress_975795,Heliconia,Farinosae,1,0,3,1,1.5,0.61,0.14,0.067073003,0.13,6,10,A85A,As for H. ignescens by A85A
H_ignescens_Daniels_sn,Heliconia,Farinosae,1,0,3,1,1.5,0.61,0.14,0.067073003,0.13,6,10,A85A,
H_irrasa_Kress_923516,Heliconia,Tortex,1,0,3,1,2,1.05,0.25,0.206167018,0.35,10,100,A92,More than 100
H_irrasa_var_glabra_Kress_108732_AF,Heliconia,Tortex,1,0,3,1,2,1.05,0.25,0.206167018,0.35,10,100,A92,More than 100
H_irrasa_var_irrasa_Kress_108733_AF,Heliconia,Tortex,1,0,3,1,2,1.05,0.25,0.206167018,0.35,10,100,A92,More than 100
H_kautzkiana_Kress_892669_AF,Heliconia,Farinosae,1,0,3,,2.5,0.7,0.23,0.126449104,0.45,15,,ES87,"Number of bracts not explicitly states but internodes mentioned as ~3cm, which gives 15"
H_lankesteri_var_lankesteri_Kress_923469,Heliconia,Farinosae,1,0,3,2,4,1.12,0.3,0.263893783,0.35,17,48,A92,
H_lankesteri_var_rubra_Kress_923507,Heliconia,Farinosae,1,0,3,2,4,1.12,0.3,0.263893783,0.35,17,48,A92,
H_latispatha_Kress_892717,Heliconia,Tortex,1,0,3,1.5,4,1.5,0.31,0.365210146,0.4,13,100,A92,More than 100
H_latispatha_Kress_903077,Heliconia,Tortex,1,0,3,1.5,4,1.5,0.31,0.365210146,0.4,13,100,A92,
H_latispatha_Kress_943658,Heliconia,Tortex,1,0,3,1.5,4,1.5,0.31,0.365210146,0.4,13,100,A92,
H_lennartiana_Yamakawa_0050_AF,Heliconia,Heliconia,1,0,3,2,3,1.6,0.31,0.389557489,0.4,9,8,K86,
H_librata_Kress_923513,Heliconia,Farinosae,1,0,3,2,3,1.15,0.33,0.298058603,0.25,22,37,A92,
H_lindsayana_Kress_760650,Heliconia,Tortex,1,0,3,1.8,2.5,0.85,0.2,0.133517688,0.35,10,8,K86,
H_lindsayana_Specht_0807,Heliconia,Tortex,1,0,3,1.8,2.5,0.85,0.2,0.133517688,0.35,10,8,K86,
H_lourteigiae_Granville_11348_AF,Heliconia,Tenebria,1,0,3,0.6,0.8,0.41,0.17,0.054742252,0.22,6,15,A92,
H_lutea_McPherson_14041_AF,Heliconia,Tortex,1,0,3,1,3,1.15,0.26,0.234834051,0.35,9,7,A92,
H_orthotricha_Kress_965696,Heliconia,Heliconia,1,0,3,1,4,1.6,0.3,0.376991118,0.45,14,37,A81,
H_rodriguensis_Kress_913197,Heliconia,Heliconia,1,0,3,3,4,1,0.34,0.267035376,0.45,20,10,A81,
H_rodriguezii_Kress_975794,Heliconia,Farinosae,1,0,3,1,1.5,0.61,0.14,0.067073003,0.13,6,10,A92,I consider this to be the same as H. ignescens
H_sarapiquensis_Kress_892816,Heliconia,Tortex,1,0,3,1.5,3,1.2,0.4,0.376991118,0.35,14,12,A92,
H_spathocircinata_Johnson_300_AF,Heliconia,Tortex,1,0,3,1,3,1.4,0.3,0.329867229,0.5,12,100,A92,More than 100 specimens
H_stricta_Kress_781043,Heliconia,Heliconia,1,0,3,1.5,4,1,0.29,0.227765467,0.3,8,153,A81,
H_thomasiana_Kress_923529,Heliconia,Tortex,1,0,3,1,2,0.75,0.23,0.135481183,0.2,5,18,A92,
H_tortuosa_Campbell_sn,Heliconia,Tortex,1,0,3,1,3,1.5,0.4,0.471238898,0.37,11,100,A92,
H_tortuosa_Kress_923477,Heliconia,Tortex,1,0,3,1,3,1.5,0.4,0.471238898,0.37,11,100,A92,
H_umbrophila_Kress_892835,Heliconia,Tortex,1,0,3,1.5,2.5,1,0.2,0.157079633,0.13,7,5,A92,
H_undulata_Kress_76519,Heliconia,Tortex,1,0,3,1,1.5,0.75,0.22,0.129590697,0.3,7,3,A92,
H_velloziana_Emygdio_902967_AF,Heliconia,Farinosae,1,0,3,2.5,5,1.22,0.4,0.383274304,0.43,11,,MM,A92 considers it a synonym of H. farinosa
H_wagneriana_Kress_892846,Heliconia,Heliconia,1,0,3,4,4,1.5,0.35,0.412334036,0.45,13,53,A81,
H_indica_cv_Spectabilis_Kress_923521,Heliconiopsis,Heliconiopsis,1,0,3,2.5,3,1.5,0.5,0.589048623,0.4,6,10,K90,
H_indica_var_dennisiana_Kress_923514,Heliconiopsis,Heliconiopsis,1,0,3,3,5,1.7,0.5,0.667588439,0.5,11,15,K90,
H_indica_var_micholitzii_Kress_923519,Heliconiopsis,Heliconiopsis,1,0,3,4,8,1.7,0.5,0.667588439,0.45,10,14,K90,
H_lanata_Kress_923508,Heliconiopsis,Heliconiopsis,1,1,4,4,5,2.1,0.6,0.989601686,0.45,20,5,K90,
H_laufao_Kress_923528,Heliconiopsis,Heliconiopsis,1,0,3,4,6,2.1,0.5,0.824668072,0.6,20,20,K90,
H_laufao_Kress_955577,Heliconiopsis,Heliconiopsis,1,0,3,4,6,2.1,0.5,0.824668072,0.6,20,20,K90,
H_paka_Kress_sn,Heliconiopsis,Heliconiopsis,1,0,3,3.5,6,1.6,0.45,0.565486678,0.6,16,22,K90,
H_papuana_Kress_923509,Heliconiopsis,Heliconiopsis,1,0,3,4,5,2.5,0.53,1.040652567,0.35,10,35,K90,
H_solomonensis_Kress_923526,Heliconiopsis,Heliconiopsis,1,1,4,5,7,2.6,0.6,1.225221135,0.75,18,27,K90,
H_acuminata_Granville_sn,Stenochlamys,Stenochlamys,0,0,1,1,2,0.6,0.15,0.070685835,0.2,8,100,A85A,More than 100
H_adflexa_Wen_8741_AF,Stenochlamys,Lanea,0,0,1,1.5,4,1.15,0.45,0.40644355,0.3,14,17,A85A,
H_aemygdiana_ssp_aemygdiana_Kress_892863,Stenochlamys,Lanea,0,0,1,1,3,1.5,0.4,0.471238898,0.55,15,66,A85A,
H_aemygdiana_ssp_aemygdiana_Kress_965706,Stenochlamys,Lanea,0,0,1,1,3,1.5,0.4,0.471238898,0.55,15,66,A85A,
H_aemygdiana_ssp_transandina_Kress_892939,Stenochlamys,Lanea,0,0,1,1,3,1.5,0.4,0.471238898,0.55,15,66,A85A,
H_angusta_Kress_943688,Stenochlamys,Stenochlamys,0,0,1,1,3,0.6,0.18,0.084823002,0.35,11,45,A85A,
H_apparicioi_Killip_26822_AF,Stenochlamys,Zingiberastrum,0,0,1,0.5,1.5,0.33,0.14,0.036285395,0.23,8,7,A85A,
H_aristeguietae_Lyon_L93132,Stenochlamys,Lanea,0,0,1,1,3,1,0.4,0.314159265,0.4,13,22,A85A,
H_aurantiaca_Kress_943711,Stenochlamys,Zingiberastrum,0,0,1,1,2,0.38,0.11,0.032829643,0.1,6,67,A85A,
H_brachyantha_Kress_913393,Stenochlamys,Stenochlamys,0,0,1,1,1.5,0.51,0.12,0.048066368,0.14,6,14,A85A,
H_brachyantha_Kress_943648,Stenochlamys,Stenochlamys,0,0,1,1,1.5,0.51,0.12,0.048066368,0.14,6,14,A85A,
H_burleana_Kress_913374,Stenochlamys,Lanea,0,0,1,2,4,1.75,0.35,0.481056375,0.45,14,20,A85A,
H_calatheaphylla_Kress_943656,Stenochlamys,Cannastrum,0,0,1,1,3,0.55,0.17,0.073434728,0.15,5,1,A85A,
H_cordata_Betancur_5956_AF,Stenochlamys,Zingiberastrum,0,0,1,2,4,0.33,0.11,0.028509953,0.14,8,10,A85A,
H_crassa_Contreras_4341_AF,Stenochlamys,Zingiberastrum,0,0,1,1.5,2,0.35,0.1,0.027488936,0.07,4,7,A85A,
H_dasyantha_Kress_sn,Stenochlamys,Lasia,0,0,1,1,1.5,0.9,0.16,0.113097336,0.18,8,6,A85A,
H_densiflora_AcevedoRodriguez_9867,Stenochlamys,Proximochlamys,0,0,1,1,3,0.9,0.26,0.18378317,0.2,9,54,A85A,
H_estherae_Echeverry_923562A,Stenochlamys,Lasia,0,0,1,1,1.5,0.6,0.21,0.098960169,0.2,7,2,A85A,
H_gaiboriana_Kress_892941,Stenochlamys,Lanea,0,0,1,1,2,0.9,0.31,0.219126088,0.25,7,,KBE04,
H_gilbertiana_Betancur_7605_AF,Stenochlamys,Lanea,0,0,1,2,2.5,0.88,0.4,0.276460154,0.28,12,,KBE04,
H_hirsuta_Kress_118805,Stenochlamys,Zingiberastrum,0,0,1,1,3,0.4,0.14,0.043982297,0.15,10,100,A85A,More than 100
H_hirsuta_Plowman_11579,Stenochlamys,Zingiberastrum,0,0,1,1,3,0.4,0.14,0.043982297,0.15,10,100,A85A,More than 100
H_impudica_Kress_892923,Stenochlamys,Lanea,0,0,1,1.5,3,1.3,0.4,0.408407045,0.35,9,16,A85A,
H_julianii_Kress_913269,Stenochlamys,Lasia,0,0,1,1,3,0.41,0.13,0.041861722,0.16,6,41,A85A,
H_julianii_Kress_913349,Stenochlamys,Lasia,0,0,1,1,3,0.41,0.13,0.041861722,0.16,6,41,A85A,
H_laneana_Kress_902956,Stenochlamys,Lanea,0,0,1,1,3,0.6,0.18,0.084823002,0.35,11,45,A85A,Using angusta measurements per A85A
H_laneana_Lyon_L82921,Stenochlamys,Lanea,0,0,1,1,3,0.6,0.18,0.084823002,0.35,11,45,A85A,Using angusta measurements per A85A
H_lasiorachis_Lyon_L850159,Stenochlamys,Lasia,0,0,1,1,3,0.8,0.23,0.144513262,0.21,13,28,A85A,
H_lingulata_Lyon_L82048,Stenochlamys,Lanea,0,0,1,3,3,1,0.3,0.235619449,0.45,20,19,A85A,No lower height given
H_longiflora_ssp_ecuadoriensis_Kress_945291,Stenochlamys,Zingiberastrum,0,0,1,1,3,0.34,0.092,0.024567255,0.15,8,100,A85A,More than 100
H_lophocarpa_Kress_108746_AF,Stenochlamys,Lanea,0,0,1,1,4,1.25,0.4,0.392699082,0.3,17,4,A85A,
H_meridensis_Kress_913210,Stenochlamys,Lanea,0,0,1,1,3,1.05,0.3,0.247400421,0.35,9,18,A85A,
H_metallica_Kress_118802,Stenochlamys,Cannastrum,0,0,1,1,3,1.36,0.25,0.267035376,0.25,8,100,A85A,More than 100
H_metallica_Kress_118803,Stenochlamys,Cannastrum,0,0,1,1,3,1.36,0.25,0.267035376,0.25,8,100,A85A,More than 101
H_mincana_Kress_923554_AF,Stenochlamys,Lanea,0,0,1,2,3,1.4,0.36,0.395840674,0.4,10,,KBE04,Not recognized by Andersson 
H_osaensis_Kress_892728,Stenochlamys,Cannastrum,0,0,1,1,3,1.25,0.25,0.245436926,0.2,12,16,A85A,
H_pardoi_Kress_892922,Stenochlamys,Cannastrum,0,0,1,1.2,2.5,0.59,0.13,0.060240039,0.22,9,,MM,
H_pseudoaemygdiana_Kress_945383,Stenochlamys,Lanea,0,0,1,,2,0.77,0.32,0.193522107,0.52,20,,ES83,
H_psittacorum_Kress_945361,Stenochlamys,Stenochlamys,0,0,1,0.5,1.5,0.53,0.074,0.030803316,0.18,7,100,A85A,More than 100
H_richardiana_Granville_11340,Stenochlamys,Stenochlamys,0,0,1,1,2,0.4,0.15,0.04712389,0.27,7,70,A85A,
H_sanctaemartae_Echeverry_923553_AF,Stenochlamys,Cannastrum,0,0,1,3,3,1.5,0.3,0.353429174,0.2,7,2,A85A,
H_schiedeana_Kress_943659,Stenochlamys,Lanea,0,0,1,1.5,3,1.5,0.27,0.318086256,0.35,14,31,A85A,
H_schumanniana_Plowman_11343,Stenochlamys,Zingiberastrum,0,0,1,1,2,0.3,0.11,0.025918139,0.2,10,100,A85A,More than 100 specimens
H_spissa_Orr_9119,Stenochlamys,Lanea,0,0,1,1,3,1.2,0.32,0.301592895,0.5,23,45,A85A,
H_subulata_Kress_880694,Stenochlamys,Cannastrum,0,0,1,1,3,0.85,0.21,0.140193572,0.2,11,90,A85A,
H_sylvestris_Kress_943612,Stenochlamys,Stenochlamys,0,0,1,1.25,2.5,0.48,0.056,0.021111503,0.18,5,,MM,A85A considers it a synomyn of H. psittacorum
H_tarumaensis_Kress_913226,Stenochlamys,Stenochlamys,0,0,1,1,2,0.72,0.19,0.107442469,0.24,8,100,KBE04,A85A considers it a synonym of H. acuminata
H_tarumaensis_Kress_975755,Stenochlamys,Stenochlamys,0,0,1,,2,0.72,0.19,0.107442469,0.24,8,100,KBE04,A85A considers it a synonym of H. acuminata
H_timothei_Plowman_6744_AF,Stenochlamys,Stenochlamys,0,0,1,0.8,1.5,0.7,0.1,0.054977871,0.2,6,9,A85A,
H_vaginalis_Kress_892821,Stenochlamys,Cannastrum,0,0,1,1,3,1,0.2,0.157079633,0.21,8,100,A85A,More than 100 specimens
H_vaginalis_Kress_943741,Stenochlamys,Cannastrum,0,0,1,1,3,1,0.2,0.157079633,0.21,8,100,A85A,More than 100 specimens
H_vaginalis_ssp_mathiasiae_Kress_108736,Stenochlamys,Cannastrum,0,0,1,1,3,1,0.2,0.157079633,0.21,8,100,A85A,More than 100 specimens
H_vaginalis_ssp_mathiasiae_Kress_791105,Stenochlamys,Cannastrum,0,0,1,1,3,1,0.2,0.157079633,0.21,8,100,A85A,More than 100 specimens
H_vaginalis_ssp_mathiasiae_Kress_943661,Stenochlamys,Cannastrum,0,0,1,1,3,1,0.2,0.157079633,0.21,8,100,A85A,More than 100 specimens
H_vaginalis_ssp_vaginalis_Kress_118800,Stenochlamys,Cannastrum,0,0,1,1,3,1,0.2,0.157079633,0.21,8,100,A85A,More than 100 specimens
H_vaginalis_ssp_vaginalis_Kress_118808,Stenochlamys,Cannastrum,0,0,1,1,3,1,0.2,0.157079633,0.21,8,100,A85A,More than 100 specimens
H_velutina_Kress_892874,Stenochlamys,Lasia,0,0,1,1,3,0.89,0.22,0.15378096,0.27,10,60,A85A,
H_venusta_Montgomery_87962_AF,Stenochlamys,Cannastrum,0,0,1,1.5,4,0.81,0.17,0.108149327,0.27,10,26,A85A,
H_virginalis_Kress_892917,Stenochlamys,Lanea,0,0,1,2,3,1.35,0.4,0.424115008,0.3,10,9,A85A,
H_zebrina_Lyon_L850195_AF,Stenochlamys,Lanea,0,0,1,1,2,0.75,0.28,0.164933614,0.32,9,12,A85A,
H_atropurpurea_Kress_108745_AF,Taeniostrobus,Taeniostrobus,1,0,3,1.5,3,1.25,0.45,0.441786467,0.25,18,8,A92,
H_bella_Black_sn,Taeniostrobus,Taeniostrobus,1,0,3,1,2,0.8,0.35,0.219911486,0.4,18,2,A92,
H_imbricata_Kress_892716,Taeniostrobus,Taeniostrobus,0,0,1,2.5,5,1.75,0.5,0.687223393,0.38,31,44,A92,
H_imbricata_Kress_892831,Taeniostrobus,Taeniostrobus,0,0,1,2.5,5,1.75,0.5,0.687223393,0.38,31,44,A92,
H_reticulata_Kress_892756,Taeniostrobus,Taeniostrobus,0,0,1,1,2,1,0.4,0.314159265,0.25,15,26,A92,
