PhylogenyName,Subgenus,Section,Resupination,Inflorescence,,heightlow,heightup,bladel,bladew,bladeA,InflorL,BractN,samplesize,ref,NOTE
H_abaloi_Kress_903125,Griggsia,Obscurae,1,1,4,4,5,1.7,0.4,0.534070751,1,20,NA,KBE04,
H_arrecta_Kress_903157,Griggsia,Dromedarius,1,1,4,2,3,1.2,0.2,0.188495559,0.41,18,NA,KBRE93,
H_badilloi_Kress_892927,Griggsia,Sigmoideae,1,1,4,2.5,3.5,2,0.25,0.392699082,0.33,15,,KBE04,
H_caquetensis_Kress_903113,Griggsia,Sigmoideae,1,1,4,2,2.5,1.2,0.3,0.282743339,0.52,12,,KBE04,
H_chartacea_Kress_965689,Griggsia,Pendulae,1,1,4,4,5,1.6,0.3,0.376991118,0.85,15,16,A85B,
H_colgantea_Lyon_L750314_AF,Griggsia,Sigmoideae,1,1,4,2,2,1.3,0.25,0.255254403,0.45,20,14,K84,Lower height not mentioned
H_collinsiana_Grantham_012490,Griggsia,Pendulae,1,1,4,,4,1.5,0.43,0.506581815,0.72,14,100,K84,Lower height not mentioned
H_collinsiana_var_velutina_Lyon_L910113,Griggsia,Pendulae,1,1,4,,6,2.5,0.7,1.374446786,0.72,18,11,K84,
H_combinata_Betancur_5953_AF,Griggsia,Obscurae,1,1,4,4,7,2.3,0.48,0.867079572,1.5,45,,KBE04,
H_curtispatha_Kress_892812,Griggsia,Longae,1,1,4,6,7,2.3,0.55,0.993528677,1.6,40,100,K84,More than 100
H_curtispatha_Kress_903078,Griggsia,Arcuatae,1,1,4,4,6,2.2,0.6,1.036725576,0.9,30,2,A85B&K84,Under K84 as H. sessilis
H_danielsiana_Kress_108734A,Griggsia,Barbatae,1,1,4,4.5,8,2.8,0.57,1.253495469,1,30,14,K84,
H_dielsiana_Kress_892895,Griggsia,Sigmoideae,1,1,4,3,4,2,0.4,0.628318531,0.8,25,19,A85B,
H_donstonea_Kress_892931,Griggsia,Retiformes,1,1,4,1.5,1.5,0.65,0.21,0.107206849,0.29,11,,KBRE93,
H_estiletioides_Kress_933588_AF,Griggsia,Obscurae,1,1,4,,3,2,0.45,0.706858347,1.6,30,,AM82,Height from MM
H_fernandezii_Kress_892559_AF,Griggsia,Pendulae,1,1,4,6,7,2.5,0.53,1.040652567,1.1,20,,KBE04,
H_fragilis_Kress_903080,Griggsia,Obscurae,1,1,4,,4,2,0.36,0.565486678,1,23,,KBE04,
H_fredberryana_Kress_892947,Griggsia,Obscurae,1,1,4,6,7,2.6,0.51,1.041437965,0.85,22,,K91,
H_gigantea_Kress_892621_AF,Griggsia,Griggsia,1,1,4,11,13,3,0.7,1.649336143,3,70,NA,KBRE93,
H_griggsiana_Kress_892938,Griggsia,Griggsia,1,1,4,4,9,3,0.55,1.29590697,1.4,30,16,A85B,
H_harlingii_Kress_892906,Griggsia,Longae,1,1,4,3,6,2.25,0.5,0.883572934,0.85,24,21,A85B,
H_holmquistiana_Kress_892586_AF,Griggsia,Retiformes,1,1,4,2.5,2.5,1.5,0.38,0.447676953,0.8,26,,KBE04,Lower height not given
H_huilensis_Kress_903107,Griggsia,Dromedarius,1,1,4,,4.5,2.8,0.45,0.989601686,1,25,,KBE04,
H_juruana_Kress_913308,Griggsia,Rostratae,1,1,4,1,3,0.55,0.15,0.064795348,0.46,30,5,A85B&KBE04,One of those species that shed bracts using estimates from KBE04 not A85B
H_lentiginosa_Kress_862030_AF,Griggsia,Sigmoideae,1,1,4,2,2.5,1.6,0.32,0.40212386,1.45,23,,KBE04,
H_longa_Kress_913381,Griggsia,Longae,1,1,4,3,6,2.7,0.55,1.166316273,1.6,40,19,A85B,
H_lozanoi_Kress_913373,Griggsia,Obscurae,1,1,4,,4,1.8,0.32,0.452389342,0.7,26,,KBE04&MM,blade width from MM as it is missing from KBE04
H_lutheri_Kress_892925_AF,Griggsia,Barbatae,1,1,4,4,4,1.4,0.4,0.439822972,0.75,29,,K91,No lower height given
H_maculata_Kress_821406,Griggsia,Sigmoideae,1,1,4,2,2.5,1.3,0.26,0.265464579,0.51,8,4,K84,
H_magnifica_Carli_142B,Griggsia,Barbatae,1,1,4,4,6,1.9,0.55,0.820741081,0.94,35,14,K84,
H_marginata_Kress_913314,Griggsia,Rostratae,1,1,4,1.5,5,1.5,0.25,0.294524311,0.4,20,6,A85B&KBE04,Flower estimates from KBE04
H_mariae_Kress_892843,Griggsia,Longae,1,1,4,4,7.5,2.5,0.65,1.276272016,0.65,65,100,K84,More than 100
H_mucilagina_Kress_892578_AF,Griggsia,Dromedarius,1,1,4,2.5,2.5,1.4,0.3,0.329867229,0.6,25,,KBE04,
H_mutisiana_Kress_903110,Griggsia,Obscurae,1,1,4,2.5,4,2.2,0.27,0.466526509,0.6,20,,KBE04,
H_narinensis_Kress_903095,Griggsia,Obscurae,1,1,4,4,6,2.7,0.41,0.869435767,0.65,22,,KBE04,
H_necrobracteata_Lyon_L720014,Griggsia,Sigmoideae,1,1,4,4,4.5,2.4,0.35,0.659734457,0.55,20,5,K84,
H_nigripraefixa_Kress_892907,Griggsia,Arcuatae,1,1,4,4,6,4,0.55,1.727875959,1.5,40,9,A85B,
H_nutans_Kress_944906_AF,Griggsia,Contortex,1,1,4,1,2.5,1.05,0.31,0.255647102,0.55,13,58,K84,
H_obscura_Kress_892908,Griggsia,Obscurae,1,1,4,2,4,1.6,0.36,0.452389342,0.5,13,3,A85B,
H_obscura_ssp_dichroma_Kress_892866,Griggsia,Obscurae,1,1,4,4,4.5,2.3,0.33,0.596117206,0.4,19,,K91,
H_obscuroides_Kress_903065,Griggsia,Obscurae,1,1,4,2.5,4,1.5,0.3,0.353429174,0.45,20,8,A85B,
H_oleosa_Kress_913379,Griggsia,Sigmoideae,1,1,4,2.5,3,2,0.25,0.392699082,0.51,15,,KBE04,
H_paludigena_Flynn_4110_AF,Griggsia,Griggsia,1,1,4,5,5,3.1,0.55,1.339103869,1.25,22,7,A85B,
H_pastazae_Kress_892896,Griggsia,Griggsia,1,1,4,4,5,2,0.45,0.706858347,1,30,11,A85B,
H_pastazae_Kress_903116,Griggsia,Griggsia,1,1,4,4,5,2,0.45,0.706858347,1,30,11,A85B,
H_pastazae_Kress_965731,Griggsia,Griggsia,1,1,4,4,5,2,0.45,0.706858347,1,30,11,A85B,
H_pendula_Kress_943663,Griggsia,Pendulae,1,1,4,1.5,4.25,1.3,0.35,0.357356164,0.65,15,,MM,There was one accession with length of 92cm but this seemed off.
H_peteriana_Kress_892886_AF,Griggsia,Barbatae,1,1,4,,3,1,0.31,0.243473431,0.52,11,,MM,
H_platystachys_Kress_118794,Griggsia,Pendulae,1,1,4,3,4,1.7,0.4,0.534070751,0.8,20,41,K84,
H_pogonantha_Kress_892834,Griggsia,Barbatae,1,1,4,4,7,3.3,0.62,1.606924642,1.5,55,22,K84,based on var. pogonantha
H_pogonantha_var_holerythra_Kress_108749,Griggsia,Barbatae,1,1,4,4,7.5,2.3,0.65,1.174170254,1.6,40,23,K84,
H_ramonensis_Specht_0808,Griggsia,Barbatae,1,1,4,4,6,2,0.6,0.942477796,0.9,40,13,K84,
H_regalis_Kress_892928,Griggsia,Barbatae,1,1,4,4,5,3,0.65,1.531526419,1,28,7,A85B,
H_reptans_Kress_913380,Griggsia,Sigmoideae,1,1,4,,3,1.7,0.35,0.467311907,1,45,,KBE04,
H_rhodantha_Kress_903164,Griggsia,Barbatae,1,1,4,4.5,6,2,0.52,0.81681409,1,33,,KBE04,
H_rigida_Kress_913384,Griggsia,Pendulae,1,1,4,4,6,2.2,0.57,0.984889297,1.7,86,,KBE04,
H_riopalenquensis_Kress_892904,Griggsia,Pendulae,1,1,4,3.5,5,2.5,0.3,0.589048623,0.7,30,6,A85B,
H_robertoi_Kress_892613_AF,Griggsia,Sigmoideae,1,1,4,,2,1,0.24,0.188495559,0.3,9,,KBE04,
H_robusta_Echeverry_121_AF,Griggsia,Obscurae,1,1,4,,3.5,1.425,0.29,0.324565791,0.4,13,,MM,
H_rostrata_Kress_892860,Griggsia,Rostratae,1,1,4,2,5,2,0.4,0.628318531,0.7,35,28,A85B,
H_sclerotricha_Kress_892915,Griggsia,Sigmoideae,1,1,4,2,3,1.6,0.3,0.376991118,0.55,19,5,A85B,
H_secunda_Kress_sn_AF,Griggsia,Contortex,1,1,4,2,3,1.2,0.4,0.376991118,0.5,12,20,K84,
H_signahispanica_Betancur_5960_AF,Griggsia,Sigmoideae,1,1,4,1.75,2.5,1,0.27,0.212057504,0.45,14,,KBE04,
H_spiralis_Kress_892631_AF,Griggsia,Dromedarius,1,1,4,2.2,3,1.15,0.19,0.171609499,0.8,20,,KBE04,
H_standleyi_Lyon_L800094_AF,Griggsia,Rostratae,1,1,4,3,6,2.5,0.45,0.883572934,1.5,55,2,A85B,
H_stellamaris_Kress_903127_AF,Griggsia,Retiformes,1,1,4,2,2.5,1.3,0.42,0.428827397,0.5,24,,KBE04,
H_stilesii_Kress_892721,Griggsia,Longae,1,1,4,5,6,2.3,0.55,0.993528677,1,35,21,K84,
H_talamancana_Daniels_sn_AF,Griggsia,Sigmoideae,1,1,4,4,4.5,2.5,0.35,0.687223393,0.65,13,4,K84,
H_terciopela_Kress_903133,Griggsia,Retiformes,1,1,4,3,4,1.2,0.36,0.339292007,0.65,22,,KBE04,
H_titanum_Kress_903168,Griggsia,Griggsia,1,1,4,8,10,3.2,0.72,1.809557368,1.35,30,,KBE04,
H_vellerigera_Kress_965678,Griggsia,Barbatae,1,1,4,4,10,3.4,0.6,1.602212253,2,40,12,A85B,
H_villosa_Kress_913207,Griggsia,Pendulae,1,1,4,,3.75,1.6,0.31,0.389557489,0.3,17,,MM,
H_xanthovillosa_Montgomery_sn,Griggsia,Barbatae,1,1,4,3.5,4.5,2.3,0.55,0.993528677,0.86,35,13,K84,
